id,dir,source,total_core_lines,A_杂活,B_组合方式,C_数据整形,D_语法差异,kept_保留,cut_total,equivalence_category,has_gap_E_flag,gap_titles,missing_files
B1-07,B1-07-pulso-nps,rule,64,1,29,0,6,28,36,全部,0,min(confidence) < 0.5 门在真机上按最大概率判; 候选带描述时只能并成一段候选文本; 候选集不同的选择题分开调用，调用数明显多于原项目,
B3-08,B3-08-ruleworld,rule,76,1,0,1,4,70,6,全部,0,六·7; 本项目新发现（运行前判定，预注册补充 1 已记）; 本项目新发现（探针后订正，预注册补充 1 已记）,
B3-09,B3-09-jev-social,rule,145,12,21,4,1,107,38,全部,0,六·11; 六·7; 六·4; 六·5、六·9; 范围收窄（本预注册已记，非缺口）,
B4-01,B4-01-RoboJEV,rule,391,30,44,0,22,295,96,全部,0,候选文本按标签合并成一段描述发给 J++; 候选集不同的选择题分开调用; instructions 是结构化 JSON,
B4-06,B4-06-jevyoumean,rule,372,7,0,0,7,358,14,全部,0,候选列表第 2、3 名排序做不到（§六·1；15k 未合入）。; ans.Confidence/ans.Probabilities 程序值里拿不到（§六·2）。; instructions 对象形状发不出去，夹具 text 字段后处理改写，见上 request_shape_gap（§六·7 的新表现）。; SuggestThreshold 判的是 Probabilities 不是 Confidence，维持 p_max 型 cut，真机上仍可能与 MinConfidence 独立分岔（见上 live_branch_difference）。; 超 254 候选的两段式分片选择不进入等价范围——本,
B4-09,B4-09-jev-effort-router,rule,463,55,5,0,50,353,110,全部,0,两问候选集不同，分开调用; confidence 门槛的真机分支差; clamp 表（effort.py）不进 J++ 判断本身; provider/api_mode 跳过门控未测,
B4-12,B4-12-jev-relevance,rule,239,15,20,4,17,183,56,全部,0,是非题 true/false criteria 发不出去; question_mode='score' 在期望分上设阈值; scoring_mode='batched' 未测; fail_open 异常兜底路径是死代码,
B5-02,B5-02-yapp,rule,125,9,0,2,5,109,16,全部,0,候选集不同的三道选择题需分开调用; is_complete/ends_dictation/is_destructive 三道是非题带 true/false criteria 发不出去; intent_confidence/app_confidence 门已用 20j-3 的 stat: confidence 补上，真机 confidence 仍不等于最大概率; learning.py 的正/负例持久化是按内容缓存历史状态、随时间增长; 四个非 open_app 分支的阈值边界未测,
B5-06b,B5-06b-pi-jev-route,rule,81,40,0,1,6,34,47,全部,0,六·4; 六·7; 六·1（本次改写解除）; 六·11（本次改写解除大半）; 覆盖缺口（如实记录，未新增场景）,
B5-10,B5-10-jev-snake,rule,132,65,4,3,0,60,72,全部,0,六·7; 六·13-相邻; 本条目比较范围的固有边界，非 J++ 语言缺口,
B5-11b,B5-11b-jev-diffusion,rule,34,0,0,0,0,34,0,全部,0,候选集不同的三道选择题需分开调用; lighting 的 .score 原始值只能剔除; 格子文字渲染与 critic 打分均由非 JEV 大模型完成; 默认 composite 模式依赖非 JEV 的多模型投票,
B6-03,B6-03-jobfit,rule,66,0,1,0,0,65,1,部分,1,六·7; 六·1; 三,
B6-06,B6-06-JevMood,rule,59,38,0,0,0,21,38,全部,0,volume 连续数与 activeSounds 排序不可比，已知不等价; 仓库许可字段与实际许可证文件不一致,
Q-04,Q-04-snake-jev,rule,58,25,9,0,0,24,34,全部,0,调用数 1 → 3（不是缺口，是裁定后唯一合法写法）; 请求形状不同（动作名从题面移进材料）; choice 候选描述不进 over; 字典序编码成一个标量，只在读数落在 1e-4 网格上忠实; collision_risk / food_progress 读不出数,
Q-07,Q-07-jobbyjev,rule,155,3,10,0,2,140,15,全部,0,choice 候选描述不进 over; 拟合结果读不出数; order 排序键不含二级/三级键; confidence 的真机分支差,
